id,title
1,央视快评：把区块链作为核心技术自主创新重要突破口
2,生命在于“休息”？延年益寿秘诀在于大脑佛系思考
3,抽卡、开箱、盲盒这类小把戏，是怎么操纵人心的？
4,为什么有些场景明明是初次相遇，你却感到似曾相识？
5,大量蛙类面临灭绝危机 当务之急是教会它们谈恋爱
6,如果虫洞存在，要如何寻找？
7,丁磊当年要赶超百度的业务，十三年后终于在美国上市
8,小马智行现代在加州推自动驾驶出租车：居民免费乘坐
9,网易有道独立IPO：大公司为何偏爱分拆上市？
10,世界青年科学家峰会本月26日在温开幕
11,孙宇晨：对于区块链造福每个中国人未来 我从未怀疑
12,樊代明院士激励青年科学家与国际高手过招
13,独家对话网易有道CEO周枫：专注创新 盈利可期
14,买鲜花像买饮料一样方便 鲜花售卖机商机涌动
15,平地起高楼 蔚来学不了特斯拉
16,每日优鲜合伙人兼COO孙原：打造爆品有逻辑
17,数字经济新时代：5G+AI
18,“私域”流量爆发在即 顺丰同城急送在风口下起航
19,理想汽车不“理想”
20,高通：携手中国产业伙伴 共建5G命运共同体
21,人脸识别安全之考：谁“动”了你的脸？
22,入局直播能解知乎困局？
23,盼达用车网点“缩水” 广州被曝“无车可用”
24,产业互联网的最后 “堡垒”：“住”的数字化
25,虚假微信公众号交易屡禁不止 有人收号有人卖号
26,当当之母俞渝：恩怨分明女强人
27,“烧钱”下沉：京东西部故事
28,网易有道成功登陆纽交所在线教育竞争形成新格局
29,加快推动区块链技术和产业创新发展
30,网络支付网购致用户信息泄露或入罪
31,人民网叶蓁蓁：“三种眼光”读懂区块链的今天和明天
32,上市前一天要开八九个会，周枫的资本考验刚刚开始
33,小米董事会任命：林斌任副董事长周受资任执行董事
34,蔚来李斌:自动驾驶催生的新产业可能是每年1万亿美元
35,上市公司高管信息打包卖:两万多条售价一万 含手机号
36,扎克伯格这番话暴露了西方精英的一个“秘密”(视频)
37,网售10元语音包以假乱真 律师称售卖使用涉嫌诈骗
38,腾讯有意在深圳建新鹅厂：建筑面积两百万平米
39,美股上市网贷机构点牛金融6人被批捕 实控人仍在逃
40,乐游科技寻求出售 腾讯、网易、高盛有意获得控股权
41,习近平：把区块链作为核心技术自主创新重要突破口
42,有道将上市CEO周枫发布内部信:还有很多未知需要探索
43,小米集团和美团点评获准调入港股通名单 28日起生效
44,"竞争对手纷纷退出 亚马逊迎来""人脸识别""技术窗口期?"
45,亚马逊第3季度盈利两年首跌 贝索斯一夜损失70亿美元
46,去浴池洗浴能染上梅毒吗？一般不会，但是……
47,万和电气亮相GIHE2019 展出旗下最新智能热水器
48,脸书将提供10亿美元 用于缓解加州住房危机
49,“极客修”使用假冒华为零配件被查，涉70余个维修点
50,美团打车：基本实现合规经营 人脸识别24小时全覆盖
51,网约车安全功能对比：滴滴最完善 首汽神州待提升
52,第十四届国际基因组学大会（ICG-14）正式开幕
53,亚马逊高管解读三季度财报：消费者对当日送达很满意
54,小鹏高管谈智能技术能力：高速自动驾驶明年实现量产
55,2019新经济公司死亡图鉴：资本收紧 淘汰赛继续上演
56,双11也难解救彩电业 四季度或仍旧承压前行
57,库克接受《西班牙人》专访全文：不后悔公开性取向
58,网易有道，清华学霸这样从词典做到IPO
59,两高：网络支付、网络游戏等致用户信息泄露或担刑责
60,中消协十一消费维权舆情分析：“节日综合征”成顽疾
61,“量子霸权”来了，中国如何发力
62,任正非：今年手机生产2.7亿部 要几个芯片厂提供供给
63,纽交所下周或迎“太空旅游第一股”，25万美元上太空
64,浙江大学联合发文，揭示肠道疾病背后关键蛋白修饰
65,任正非：5G之后热点应该是人工智能会得到规模化使用
66,任正非谈孟晚舟：不希望国家做出牺牲和让步来救我们
67,任正非：30年来全世界都紧盯华为，没有盯出问题来
68,诺基亚Q3转亏停止派息 5G前期成本过高致利润率暴跌
69,任正非：对北欧人民承诺，尊重北欧的国家数字主权
70,任正非：感谢特朗普，他一吓唬大家，都努力工作了
71,谷歌:堪比飞机首次上天里程碑 IBM科学家:结论有bug
72,中国科研路径能带出诺奖级成果吗？
73,数学有什么用？丘成桐：AI和大数据的未来都得靠它！
74,滴滴：客服团队扩大至9000人 144城市获网约车牌照
75,是否有比夸克更小的粒子？科学家：目前还不清楚
76,物理学家评谷歌“量子霸权”：离实际应用还很遥远
77,“量子霸权”厉害在哪？它将如何影响我们的生活？
78,如何挑选电视机 双十一买电视必看攻略（进阶篇）
79,2019，中国手机惊变150天
80,“程序员节”Keep突然裁员 或涉及两三百人
81,别再纠结小尺寸4K电视了 55寸以下4K和1080P没区别
82,洗衣机“剁手季”最强选购攻略 干活满满建议收藏
83,抱团进军“刷脸付” 银行业能否收复零售支付失地？
84,有这功能的电视慎选：假HDR坑钱又没用
85,没五万就别玩了！高端画质跟你没半毛钱关系
86,必胜客“入伙” 人造肉概念股能否打响翻身仗
87,英特尔第三季度营收192亿美元 净利同比降6%
88,亚马逊第三季度营收700亿美元 净利同比降26%
89,人民日报关注快递业：明星快递员 有啥不一般
90,人民日报：锂电池助推能源革新
91,人民时评：网红经济诚信方有未来
92,扎克伯格6小时听证 议员：“更不相信脸书了”
93,社交App围剿微信 垂直市场能否迎来生机？
94,支付巨头布局刷脸支付背后： 赔偿机制难消用户顾虑
95,暗中涨价、红包陷阱…电商购物节是福利还是套路？
96,家电业加速智能化、渠道变革 寻求新成长
97,社交电商贝店找500家厂牌启动新制造
98,互撕反目伴夫唱妇随 500强夫妻店结局看人品
99,牌照走俏 小贷公司曲线放贷惹争议
100,再战国会山 扎克伯格不只为Libra
101,全球首份6G白皮书写了啥:给出衡量指标 性能超5G百倍
102,5G手机价格比肩苹果 换机潮到来或仍需时日
103,微软净利增21%背后：Azure营收增速连续八季下滑
104,GDPR生效17个月 欧洲开出约3.7亿欧元罚单
105,监管摸底“互联网贷款”产业链：首批调研三家机构
106,AI交易迅速取代交易员 华尔街巨头压缩员工成本
107,商用机器人“朋友圈”：5G将是行业共同期待的关键点
108,盘完三口不粘锅 这智商税真没白交
109,评当当网创始人互撕：当心成为社会负资产
110,GDP统计中，数字经济贡献不该是“虚拟”
111,去年跨境电商零售进出口202.8亿美元
112,“极客修”被查：用假华为零配件 涉案金额3亿元
113,上海工厂完工试生产 特斯拉押宝中国
114,51信用卡“出事”不能只赖外包公司
115,离婚官司好好打 何必人前互撕当当响
116,家庭事业无界 李国庆俞渝注定无果
117,央视财经评论：51信用卡被查！催收乱象有多严重？
118,李国庆俞渝互撕：指责应有底线 决裂仍需体面
119,刷脸支付调查：巨头补贴“无上限”用户使用率仍偏低
120,李国庆树立5亿元小目标 有声书能为其带来第三春？
121,李国庆、俞渝夫妻互撕 当当网20周年庆喜上添忧
122,“权游”IP加持游族网络 三季度营收净利双增
123,“量子波动速读”宣传内容涉嫌违法被查
124,成人IT培训冰火两重天 少儿编程赛道是它“救星”？
125,李国庆发15则针对性回应：俞渝只有一件真 其他都假
126,点牛金融案进展:17人被捕 实控人曾某新已被上网追逃
127,曾宣告失败的阿尔茨海默症新药复活 明年寻求FDA批准
128,俞渝与李国庆，企业家婚姻的拷问与反拷问
129,房多多11月1日纳斯达克上市 将募资净收益8650万美元
130,李国庆:俞渝不同意离婚 是为了拖延时间转移公司资产
131,电子烟为何向未成年人蔓延？
132,外汇局：参与网络炒汇或为其提供服务均违法
133,阿尔兹海默病迎来“重磅炸弹” 首款新药或明年上市
134,连续三个季度净利下滑 中国移动如何重回增长轨道？
135,从BAT到ATM 美团如何筑起护城河
136,京东家电发布《空调新消费主义白皮书》
137,微软新财年首季营收和净利润均获两位数增长
138,创始人，OUT！
139,人脸识别入侵生活 但“刷脸”背后你的信息安全吗？
140,李国庆俞渝夫妻决裂 当当何去何从？
141,李国庆俞渝互撕：一场缺乏婚前协议的股权之争
142,南京新版网约车管理办法拟规定：优先选用新能源车
143,律师：当当股权属李国庆、俞渝共同财产 原则上平分
144,李国庆俞渝上演年度离婚大戏 当当控制权鹿死谁手？
145,特斯拉Q3意外盈利 投资人最关心上海工厂何时投产
146,下一个DAU过亿的产品在哪？
147,这是给VC上的最残酷一课：一级市场的疯狂，无人买单
148,"当当回应""庆渝互撕"":李国庆炒作 用舆情影响婚姻诉讼"
149,单次付费能让百度网盘走出“商业困境”吗？
150,乌镇峰会5G“论道”：开创数字经济新时代
151,"谷歌称首次实现量子优越性,同行都咋看(潘建伟点评)"
152,美国国会对天秤币狂轰滥炸6小时 小扎用这十句话抵抗
153,投资失败没跳楼的他，干出了牛逼的任天堂
154,"2019广东国际家电博览会盛大开幕：""黑科技""缤纷呈现"
155,李国庆与俞渝：谁能敢作敢当当
156,故事快讲不下去的互联网新秀们
157,特斯拉高管解读第三季度财报：口碑营销足以拉动需求
158,与俞渝大尺度互撕震惊吃瓜群众 刚刚李国庆又说话了
159,微软高管解读第一财季财报：强劲趋势会持续全年
160,谷歌再次放宽安卓手机上其他搜索引擎的竞标条件
161,全球首份6G白皮书：性能超5G百倍 技术难题仍待突破
162,李国庆俞渝深夜互撕：公归公 私归私
163,寻找张若兰:那个求见互联网大佬的女孩捧着尤利西斯
164,1000条毛巾钱买戴森干手器？官方：不建议家庭使用
165,创业夫妻店就这么行不通？还真不见得！
166,李国庆老师孙立平：国庆俞渝 你们首先需要的是看病
167,朝我开枪：Libra国会大考暴击扎克伯格
168,OK区块链60讲 | 第8集：区块链的分类
169,激荡十年，网盘去向何方？
170,贾跃亭还能像史玉柱一样东山再起吗？
171,小米：在AI上持续投入 正经历从量变到质变的过程
172,媒体：家庭事业难平衡，互联网明星夫妻也是凡人
173,谷歌量子计算突破，川普之女：美国实现量子霸权
174,170岁“高龄”了 孪生素数猜想还未得到证明
175,"51信用卡被查引发""爬虫技术""争议 是否侵犯个人信息?"
176,51信用卡称已终止催收外包 但仍在发布相关岗位
177,媒体谈李国庆俞渝事件:再无往来 也比互爆隐私来得好
178,火星和月球模拟土壤中可成功种植九种农作物
179,哎，好一个庆渝年！
180,在互联网的世界，我们终将“老无所依”
181,量子霸权真的已经实现？IBM认为谷歌夸大成就
182,别把李国庆俞瑜，跟贝佐斯麦肯齐放在一起比
183,为什么Apple Maps黄了
184,进口质量也难说：扒一扒美国保健品产业的“猫腻”
185,被俞渝深夜手撕，李国庆值得同情吗？
186,肠道微生物影响记忆？揭秘菌群变化如何改变大脑
187,扎克伯格国会听证实录：我不控制天秤币
188,感谢你倾家荡产支持我的创业梦想
189,为什么地球上的山峰不会一直升高？
190,谷歌被指开发内部工具监视员工集会 回应：理解有误
191,2019年臭氧层空洞显著缩小：有记录以来最小水平
192,扎克伯格为天秤币辩护：我们在辩论时其他国家在行动
193,"跨界达人潘石屹眼中的5G：""超乎想象""与""天翻地覆"""
194,俞渝深夜爆料开撕李国庆：模范夫妻，势成水火
195,上海集中清理废旧共享单车 会淘汰哪些？会浪费吗？
196,李国庆俞渝，好奇葩的一对夫妻啊
197,扎克伯格出席听证会承认：天秤币是一个“风险项目”
198,"老板电器回应""产品抽检不合格""：不合格产品为假冒"
199,如何挑选电视机？双十一买电视必看攻略（基础篇）
200,家电企业纷纷布局芯片领域
201,以区块链、数字中国为幌子 传销组织6个月吸金3.2亿
202,电视怎么买便宜还省事？看完99%的人不会选错
203,51信用卡被查引发爬虫技术争议 是否侵犯个人信息？
204,谁买谁上当 这些家电的“坑”千万不能踩
205,特斯拉汽车第三季度营收63亿美元  净利同比降54%
206,智能型动车组将投入使用 中国轨道交通业变绿变聪明
207,人民日报关注快递业：别让包裹搁浅在最后一米
208,人民日报海外版：互联网阅读品牌走向线下
209,人民日报海外版：世界将迎来“5G震撼”
210,华为全年预期出货2.4亿部 5G赛道都在拼
211,PayPal第三季度营收43.78亿美元 净利同比增6%
212,eBay第三季度营收26.49亿美元 净利同比降57%
213,数据标注产业会成为下一个富士康吗？
214,率先用5G改变生活韩国探索更多产业化应用空间
215,鲁大师风光上市：主营业务靠股东 转型之路不明朗
216,警方对外包催收展开调查 51信用卡股价暴跌后复涨
217,微软第一财季营收331亿美元 净利同比增21%
218,第三方平台被指“冒名”推介存款产品反倒贴 ？
219,拒绝捆绑搭售 应透明更应治本
220,5G风口下刷脸提速增温 加固安全防线将是重中之重
221,李国庆最新回应：俞渝诽谤我还当小三 等收律师函吧
222,谷歌宣布量子霸权实现！谷歌CEO：意义堪比发明飞机
223,年轻人注意！走路速度变慢预示着衰老正在加快
224,从首富候选人到个人破产 贾跃亭这九年留下哪些谜团
225,华为“汽车局”逻辑：不造车造平台
226,商务部部长钟山：扩大跨境电商零售进口试点城市范围
227,李国庆俞渝夫妻决裂：人生若只如初见 何事秋风悲画扇
228,当当家务事：李国庆摔杯微博离婚 俞渝朋友圈怒撕前夫
229,新增手机号转账 微信支付急补金融科技短板
230,我真的太佩服李国庆和俞渝这对夫妻了！
231,用“话术软件”指导恋爱 是低阶版PUA
232,俞渝朋友圈开撕李国庆：撒谎！要抓破你的脸！
233,GoFun出行宣布实现盈利 与华为就车联网等达成合作
234,智能通讯云服务商容联完成D轮融资 云通讯竞争激烈
235,贾跃亭：已偿还超30亿美元债务 乐视网：还差57亿
236,透视数字科技这一年
237,柳传志门下“出逃”了多少英雄豪杰？
238,支付宝:有非法网贷冒用支付宝、花呗品牌 将全力打击
239,深圳电子烟工厂的十字路口：从安逸十年到与资本赌博
240,谷歌CEO：谷歌量子计算取得重大里程碑 应用前景广阔
241,支付宝微信关闭三星支付功能 专家：一周内漏洞难解
242,一波三折音乐梦，阿里音乐路在何方？
243,对话姚劲波：我为什么要派个斯坦福博士去做乡镇市场
244,量子波动速读火了!为何中国式家长的智商税这么好骗?
245,新浪新闻与长城汽车达成战略合作 聚焦车载内容生态
246,千亿富豪也没招 又一改变世界的梦想“窒息”了……
247,百度糯米CEO傅海波离职创业，做下沉版“美团”
248,华为何刚:5G手机将爆发 Mate30系列今年销量或超千万
249,缓解硅谷住房危机:继谷歌后 脸书也将投10亿美元建房
250,这位横跨三界的科技怪咖，是个真正的“女汉子”
251,投中陈颉：资本长冬，强者愈强，专业为王
252,当诈骗集团登上你爸妈的社交网络
253,曾宣告失败的阿尔茨海默病新药起死回生 明年申请上市
254,IBM炮轰谷歌量子计算：“量子霸权”是误导！
255,“校讯通”遭多地家长吐槽 近年全国已有多省市叫停
256,华为第二代5G手机开售 Mate30系列5G版能成爆品吗？
257,Payoneer将获国内支付牌照？能否获批仍未知
258,三星承认旗舰手机存指纹漏洞 生物识别技术还能信？
259,双11要抢房！阿里放大招：上万套房特价卖 京东也5折
260,扎克伯格首次全面阐释天秤币：想把权力交给人们
261,陈天桥 搬家到应许之地
262,电子烟的“生死时速”:监管收紧下 电子烟也开始狂飙
263,制定新法规能真正消除电子烟“危机”吗？
264,国务院报告：2018年跨境电商零售进出口202.8亿美元
265,玩游戏的老人们
266,数千元可刷出“10万+” 流量造假助企业融资千万
267,OYO朱磊:下沉市场三大认知正被颠覆 2.0签约超5000家
268,Microsoft的未来，靠Google？
269,别用“站队思维”看待德国“不拒绝”华为5G
270,甘薇与贾跃亭的爱情往事
271,"内忧外患的拜腾汽车：还未""出生""便已""掉队"""
272,基因编辑应用前景好 但自行改变DNA不现实
273,袁隆平：我的两个梦
274,遣散费没着落，创始人拿走12亿：WeWork员工气愤了
275,研究发现，癌细胞能自相残杀！
276,负责相爱、相杀的脑区，脑细胞类型也有性别差异
277,新一代家长收割机小天才 与永不褪色的段永平商业经
278,英特尔走到了三岔口：或永远失去流程方面的领导地位
279,开机广告1秒收入1250元 有多少回到用户的腰包？
280,"""扫码入住""事件背后:为何华住酒店这么想让你办会员?"
281,扶不起来的手机业务，索尼为何不放弃？
282,“浴霸”对决 iPhone 11和Pixel 4拍照对比
283,三季度彩电持续全行业亏损 超4亿台非智能电视待淘汰
284,靠XR治愈“博物馆疲劳”，机遇还是忽悠？
285,51信用卡暴力催收突遭调查 P2P行业该何去何从？
286,PayPal入华，外来和尚难念经
287,"智能马桶盖售价如坐过山车 ""买后被降价""成吐槽热点"
288,Facebook反垄断危机加重：47名检察长参与调查
289,哈勃望远镜拍下“星系摔跤”：二者因相距太近而撕扯
290,甘剑平携渶策资本亮相:完成首支基金超3.5亿美元募资
291,电子烟之死，罗永浩给了最后一锤子
292,涨价潮袭来，广大通信用户该怎么办？
293,外星文明若观测到地球，会认为地球文明有趣吗？
294,2019年《财富》未来50强揭晓：16家中国公司上榜
295,脸书谷歌甩十亿美元缓解硅谷房价？连工程师都住不起了
296,多个品牌燃气灶和热水器被检出不合格 老板松下上榜
297,冬季取暖选电暖器还是空调？哪一种更省电又舒适
298,控制智能家电 小米发布智能魔方及米家吸顶灯系列
299,德州仪器第三季度营收38亿美元 净利同比降9%
300,网红减肥药含违禁成分 微商卖假药凸显市场监管漏洞
301,“冰封”中的NBA中国市场：损失可达百亿美元
302,人民日报：5G的好戏在后头
303,吸尘器该如何延长使用寿命 这些技巧一定要记住
304,乌镇聚论数字产业新动能：如何“智能”随场景而异
305,超百亿资金投入估值80亿公司 WeWork和软银谁更疯狂
306,人民日报关注快递业:包裹受损获赔少 消费维权无奈多
307,2019中关村论坛发布一批重大创新政策
308,2019中关村论坛探讨全球科技趋势和未来产业发展
309,Snap第三季度营收4.5亿美元 净亏损同比收窄30%
310,人民日报海外版：网联汽车迎来发展红利期
311,市面部分5G手机明年被淘汰？专家：不存在
312,人民日报：网售处方药 要放更要管
313,各界高度评价世界互联网大会成果：共享智能互联红利
314,中国VR产业潜力巨大 5G助推虚拟现实产业“回暖”
315,科技日报：电子烟危害健康 市场监管迫在眉睫
316,藏在手机里的“热经济” 上半年外卖规模约2623亿元
317,设虚拟货币骗局吸金三亿多元 连云港摧毁一传销团伙
318,媒体：“51信用卡”暴力催债敲响网贷警钟
319,5G市场背后的供给短板和消费焦虑
320,“恋爱话术”软件真的靠谱吗？
321,工信部：“携号转网”已达290万人次
322,汽车产业迎考智能网联时代
323,爬虫技术罪与罚：失衡的催收应用边界
324,爬虫整顿风暴冲击波持续 杭州大数据服务商接连被查
325,移动联通三季报营收普降 运营商探索5G商业新模式
326,产业数字化：经济高质量发展“新动能”
327,冰箱出活鱼？惠而浦冻龄Pro冰箱带来保鲜新体验
328,乌镇观察：无AI不科技应用正渗透生活方方面面
329,数读“第六届世界互联网大会”
330,51信用卡背后的催收江湖：4大套路要债 佣金可达50%
331,全国开通5G基站8万个 2G、3G退网条件已趋成熟
332,提升工业互联网效率 5G将是一针“强心剂”
333,浪潮云董事长肖雪：工业互联网需要全要素提升效率
334,工业互联网发展进入快车道 与AI、5G等融合仍是难点
335,付费自习室走红 卖“学习氛围”是下一个创业风口？
336,航天通信子公司智慧海派频“爆雷” 多位高管离职
337,揭秘51信用卡催收背后P2P乱象：不上征信致恶意骗贷
338,科创板上市募资27亿却花25亿理财?传音:实际没那么多
339,51信用卡涉案警示：催收合规是关键
340,法律学者：51信用卡被查，债务催收应恪守法律底线
341,二十年催收江湖，催与被催者，都已成精
342,乐视网：贾跃亭作为实控人 应尽快承担大股东的责任
343,赵明：5G手机明年初真正放量，海外重点打造华为生态
344,传音控股刚科创板上市就拿25亿现金理财 被指“奇葩”
345,数字人才流向哪些城市？深圳吸引力最强
346,思科全球首席创新官：AI、5G和IoT等技术惠及大众
347,杭州总部被查后 51信用卡上海分部员工所剩无几
348,洛阳警方打掉全国性二维码诈骗组织 涉案额3000多万
349,51信用卡终止催收外包 律师:骚扰借款人亲友构成侵权
350,99元游马尔代夫 “旅游尾单群”是馅饼还是陷阱？
351,51信用卡用户致电催收人不要骚扰通讯录亲友 但无效
352,宝马与戴姆勒合资出行公司寻“新欢” 降低运营风险
353,对话美图CEO吴欣鸿：以退为进 美拍会聚焦母婴内容
354,腾讯：中国区块链公司数量连续两年增幅超250%
355,"暴力催收难禁:招聘市场火爆 催收员""两头吃""月入超万"
356,松鼠AI周伟：要培养智能人才 必须用智能教育方法
357,一组数字读懂第六届世界互联网大会
358,你看过的黄片，可能存在一个叫赛博庞克的国家里
359,IBM科学家发文驳斥谷歌量子霸权 称项目目标尚未实现
360,51信用卡遭调查波及多家公司，网贷未来怎么走？
361,“量子力学”骗局背后：总有人排队交智商税
362,印度人统治硅谷，中国人沦为打工仔？看看他们的后院吧
363,51信用卡外包公司被指暴力催债 有用户称被辱骂恐吓
364,对话迅雷陈磊：5G或成历史上投资规模最大的技术迭代
365,2019“创响中国”西咸站启动：为双创注入西咸动能
366,火币集团李林：中国数字经济应抓住超车机会
367,"工信部回应美""黑名单""：将采取适当措施捍卫中方权益"
368,爬虫究竟是合法还是违法的？
369,收快递是怎么变得蒸汽朋克的？
370,工信部谈2G、3G退网：要提前规划 充分考虑用户使用
371,工信部：11月底前全国范围内正式提供携号转网服务
372,工信部：截至9月底运营商已在全国开通5G基站8万余个
373,一场“隔空操控”的营销背后！手机3D视觉产业链真相
374,对话美图吴欣鸿:谈转型、股价、营收 与小米华为合作
375,习近平的一“网”情深
376,旷视CTO唐文斌：算法是鸡蛋 Brain++是那只“鸡”
377,科学家实现精子性别选择，是福还是祸？
378,为什么被挠痒痒时，我们笑出了猪叫声?
379,警察同志，我真没喝酒，是肠道干的......
380,人工智能带来的是大规模失业 还是“少干活多拿钱”？
381,重返游戏世界：残障玩家们的回归计划
382,智能化成家电业增长点 那消费者需要什么样的产品?
383,全球变暖正导致地球生态系统的物种组成快速变化
384,互金创业者，一群通往监狱路上的人
385,在人类衰老的故事中，一个新的角色登场了！
386,为什么计算机永远不会拥有人类的意识？
387,第二颗星际天体到访 它让我们更好了解太阳系
388,互联网大会最热关键词诞生！看看大佬们怎样说5G
389,当你死后尸体如何处理？烟花葬或者制作成钻石了解下
390,软银吐血50亿刀接盘，WeWork结局竟然是这样？
391,爸爸的时间去哪儿了:如何让我们的长辈不沉迷于游戏？
392,电影投资的背后，是韭菜的撒币梦
393,16寸MacBook Pro月底就上市？ 可能没有发布会了
394,那个写出5000万爆文的小编裸辞了
395,祸起套路贷:违规爬虫被查 大数据风控公司遭遇生死劫
396,加密战略不断受挫，Facebook金融梦碎？
397,51信用卡突遭调查，P2P已死？
398,解读诺奖：中学生都能看懂的拓扑相变与拓扑相
399,"用户被欺骗了？外媒：很多""奈飞原创""并非奈飞出品"
400,因暴力催收被查，51信用卡的隐患早已埋下
401,创维海尔等7家被约谈：开机广告不应成“标配”
402,贪官将巨额贿款投入网游 为享受游戏中的优越感
403,肝癌疗法重大突破！免疫组合疗法有望改变治疗模式？
404,51信用卡创始人孙海涛微博致歉：我们非常自责
405,催收违规！51信用卡主席孙海涛、CFO应要求协助调查
406,6家合作伙伴退出 Libra“改变世界之路”遇挫
407,Facebook为2020年美国总统大选发布选举安全新功能
408,青少年成电子烟潜在用户 弥补监管短板迫在眉睫
409,AI受资本青睐投资金额持续增加 市场规模超万亿美元
410,数字经济快速发展 未来新巨头或藏于四大领域
411,硬核知识科普：色域究竟是什么东西？
412,PS5新特性全揭秘 这些关键点你一定要了解
413,一级能效空调真的有必要买？跟商家讲利益你还太嫩了
414,带屏幕冰箱到底值不值得买？这回真相了
415,“互联网＋”时代 青年的责任与机遇
416,私人定制朋友圈：表演中有多少自我压抑
417,人民日报：阻断电信诈骗 他们分秒必争
418,人民日报：智能互联时代 改变创造未来
419,传软银拟接管WeWork：后者估值将下降至最低75亿美元
420,陈发奋：互联网慈善中国样本已形成
421,柯曼：智能互联是其他技术的基础
422,程凯：互联网消弭了残健之间交流鸿沟
423,吴建平：中国互联网应重视关键核心技术研究
424,全吉男：中国互联网发展理论与实践并驾齐驱
425,5G论坛：5G开创数字经济新时代
426,网络空间全球治理进入新时代
427,小红书瞿芳：国潮品牌崛起是新青年对传统文化的认同
428,集中看！互联网大会上有哪些黑科技
429,2019胡润全球独角兽榜 中国力压美国排世界第一
430,搜狐张朝阳的回归路：再战江湖有更多反思
431,对“冒名注册52个手机号”该如何处置
432,4天被盗800件商品 无人零售模式痛点难解
433,控制网游时间、防治校园欺凌 未成年人保护法迎大修
434,51信用卡被查 委托外包催收公司涉嫌寻衅滋事
435,猫宁“双11”同时鸣枪 电商流量战各走各路
436,创业板壳股狂欢背后 暴风集团等多股“不合格”
437,汽车资本静待爆发期：新能源汽车三年内迎拐点？
438,独家对话朱江明：造车新势力如何走出“双重寒冬”
439,蔚来寻求产业融资背后：地方政府新能源投资热降温？
440,“相互宝”发展迅猛 网络互助平台的关键还是保险
441,51信用卡遭调查 西湖区要求P2P平台年底余额再降25%
442,51信用卡突遭警方调查 当地要求借贷余额降近五成
443,互联网大咖展望数字经济：5G打开“智能经济”大门
444,P2P行业风险加速出清 转型方向已定前路难行
445,工业机器人市场连续扩张 高技能人才成短板
446,无人驾驶公交车乌镇上路
447,荣耀总裁赵明： 明年国内5G手机容量将达1亿部
448,数字经济试验区 缘何这六省市先行先试
449,增设“网络保护” 未成年人保护法迎“大修”
450,51信用卡突遭警方调查 多名员工被带走
451,贝壳迭代之路：新居住产业数字化
452,对罗辑思维上科创板 市场应有更包容态度
453,浙数文化拟2.32亿收购直播公司40%股权 标的增近27倍
454,51信用卡被调查 股价闪崩34%震撼港股市场
455,酷开5G系列电视评测：强劲性能 音画与智慧合一
456,阿拉伯支付宝WPay获得软银中国资本投资
457,外媒:苹果公司投身科幻剧集 从太空竞赛讲到非法移民
458,新浪王巍:智能化转型布局新生态 挖掘流量增长新动能
459,宁愿坐在警车里哭
460,荣耀总裁赵明：明年国内5G手机容量将达1亿台
461,51信用卡出事 其他如履薄冰的平台怎么办？
462,张勇刚说完竞争在于共赢 拼多多便指控阿里二选一
463,"新能源车从高歌猛进到三连跌 车企被推入""饥饿游戏"""
464,京东诉天猫“二选一”，背后是否涉嫌垄断竞争
465,5G大规模商用前夕，中国移动、联通营收持续下滑
466,2019带着微博去旅行原创内容受热捧 短视频成人气王
467,对话朱啸虎:共享经济并非伪命题 警惕企业服务价格战
468,平头哥副总裁：开源MCU芯片平台 未来AI平台也将开放
469,人人都用的快递柜还是一门好生意吗?
470,51信用卡遭杭州警方突击调查 案件或涉暴力催收
471,小米、华为、OV把三星挤出中国市场 下一个是苹果吗?
472,云米推高端AI品牌科奇：多款智能空调 还有新5G路由
473,雷军谈小米管理理念：扁平化 副总裁级高管仅十几人
474,当我走进一间安装了80个摄像头的民宿……(视频)
475,比尔·盖茨大女儿男友曝光：已互见家长疑好事将近
476,腾讯音乐彭迦信:定下三项公益战略 让音乐有文化传承
477,任正非：希望社会不要因为同情华为，就去和美国分裂
478,提前半年检出肝癌？早筛查试剂盒计划2021年落地应用
479,新华社批惹人烦的智能客服：绕圈圈、冷冰冰、挡箭牌
480,中国拟修改未成年人保护法对玩网游实行时间管理
481,拼多多“门徒”陨落：这个社交电商神话，破灭了
482,实地确认：51信用卡总部被查 外人已无法入内
483,倪光南：X86垄断 ARM太贵 要推动开源的RISC-V成主流
484,水滴沈鹏：5G时代 相信人人随手公益的规模会更大
485,职业“撸货大军”在行动，“师傅”授业 稳赚不赔？
486,全国青少年创意编程与智能设计大赛终评成功举办
487,51信用卡遭调查 业内人士:或与爬虫业务整治行动有关
488,小红书瞿芳：全球化浪潮中 年轻人要不断提高创造力
489,游戏设计师陈星汉：在游戏制作中应用正面鼓励玩家
490,荣耀总裁赵明：荣耀首款5G手机将于下个月发布
491,中兴李自学：5G将与其他技术构建工业生产的信息枢纽
492,快看漫画陈安妮：中国的青年人越来越有文化自信
493,字节跳动张羽谈信息公益：探索信息创新扶贫新路径
494,为什么现在VC都关注供应链了？
495,卫哲：已投电子烟，没投拼多多，“我不后悔”
496,90%的P2P还是死掉了，该结束的请让它结束
497,腾讯程武：启迪青少年成长是科技向善的重要工作
498,投资者卫哲：已投电子烟，没投拼多多，“我不后悔”
499,松下空气消毒机旗舰新品评测：消毒级除菌净化
500,刷脸支付落地头一年：巨头疯狂补贴，设备却不足10万
501,关于数字经济，李彦宏张勇雷军等大佬在乌镇说了啥？
502,张磊：百丽分拆上市证明“数字化转型路径图”的有效
503,GoPro：从“最牛”到“昙花一现”只隔了3年
504,快手宿华：技术是驱动力 价值观才是产品灵魂
505,任宇昕：媒体融合进入“下半场” 有三项关键升级
506,浪潮CEO孙丕恕：下半场战斗和机遇将聚焦工业互联网
507,任正非：华为已做好实体清单长期不能撤销的准备
508,特斯拉全球副总裁陶琳：下一代互联网离不开人工智能
509,腾讯汤道生：产业互联网真正目的是降本增效
510,阿里张建锋：工业互联网主要解决三大问题
511,谷歌将通过眼睛检测来更新Pixel 4面部解锁功能
512,孙丕恕:数据铁笼解决隐私泄密问题 使数据可用不可见
513,因为神经上的肿瘤，她差点失去左手…能等到新药吗？
514,高瓴张磊：产业数字化要尊重企业家精神尊重产业规律
515,中国移动杨杰：以5G商用为契机 拥抱数字化转型大潮
516,不只一块表，儿童社交的隐秘江湖
517,给“喜马拉雅山炸个大口子”造就鱼米之乡，能实现吗
518,面对人工智能，我们如何不迷失本心？
519,胡润全球独角兽榜发布：中国独角兽企业首次超过美国
520,“量子波动速度”与培训骗局；技术革命与贫困
521,豆瓣广播不在的那几天，我发现自己无处可去
522,乌镇手记：碧波廊上凝思论道 桂花香里偶遇大佬
523,PS 5和X box 2之后再无游戏主机？
524,中国电竞激荡二十年
525,iPhone屏幕供应商JDI：第一款OLED屏幕不用于手机
526,“互联网难民”流亡记
527,愿景基金落子无悔
528,为啥人类与近亲物种存在差异？迷你大脑或能给出答案
529,国内外互联网大佬高薪背后:有的名正言顺 有的尸位素餐
530,八种迹象告诉你是否有精神变态错乱的趋势
531,中日独角兽数量96比3：日本为何成不了创业的热土？
532,外媒：Apple TV+未来一年可为苹果创造60亿美元收入
533,手机的深色模式真的能帮iPhone省电？ 是的
534,嘉宾热议世界互联网大会：互联网仍具强劲动能
535,亚马逊被爆物流系统存漏洞 假货和过期食品泛滥
536,过高估值的“WeWork们”，独角兽烧钱时代面临终结
537,补贴停了，骗子撤了，销量跌了，新能源车怎么办？
538,小而美的物种 TOKIT迷你智能电烤箱评测
539,米家风冷对开门冰箱上手体验：冻住一瓶水只要两小时
540,就要小SIZE！这些家电居然可以做到这么小
541,特斯拉副总裁陶琳：上海超级工厂生产能力是可控的
542,微信借钱通过语音确认仍被骗 电信诈骗又出新套路
543,新技术催生新业态新模式 刷新人们对美好生活体验
544,工业互联网技术不断突破 为经济创新发展注入新动能
545,人民日报：数字经济，高质量发展新引擎
546,俄罗斯加快推进人工智能发展 强化人工智能科学研究
547,人民日报海外版：未来5G将颠覆行业改变生活
548,人民日报：让互联网更好造福人类
549,小牛电动上市满周年 如何改写“出行鄙视链”？
550,两省对未通过验收P2P网贷业务强制清退
551,误导消费者买服务 互联网平台捆绑搭售背后有何秘密
552,中国“触”网二十五年 与世界共享创新机遇
553,“脑控+AI”，让人用“本能”驾驶
554,世界互联网大会聚焦未成年人网络保护立法
555,快递柜超时要收费或打赏？你会给吗？
556,“微信语音包”大叔变声萌妹子 律师：有违法风险
557,五大产业精英乌镇纵论数字经济
558,乌镇互联网大会开幕：数字经济下构建网络安全空间
559,全部欠费停机 谁用我身份证办了52个手机号？
560,最高法：所有案件网上流转依法公开
561,700亿破产没完 贾跃亭被曝申请离婚
562,电商产品监测等50余项国家标准发布
563,互联网25年的风口与命门
564,乌镇6.0：寻找数字经济增量
565,盒马亮底牌 自有品牌叫好不叫座怎么破
566,“双11”前夜：快递公司收入普降
567,银联入场 刷脸支付补贴战一触即发
568,腾讯首席运营官任宇昕：为未成年人构建安全网络环境
569,数字经济进入新阶段 5G、AI如何助力实体经济？
570,第六届世界互联网大会昨开幕 AI、5G、芯片等受热议
571,齐向东：内生安全就是“一个中心”+“五张过滤网”
572,#全国换被子地图#上热搜 除螨这件事却被忽略了？
573,儿童安全座椅仍有40%不合格 是谁之过？
574,乌镇第一天：李彦宏讲古文雷军会场做“推销”
575,无锡上跨桥侧翻事故后 有物流公司涨价
576,支付51万美元家庭抚养费后 贾跃亭申请与甘薇离婚？
577,对话张朝阳：江湖依然充满激烈竞争 但我不一样了
578,安卓封闭堕落or自我救赎？谈Android 10的巨大变化
579,张朝阳：“江湖还是那个江湖，但我已经不一样了”
580,美团王兴再谈供给侧数字化:任重道远 是机遇也是挑战
581,院士邬贺铨：优化数字经济发展的投融资环境尤为紧迫
582,围观互联网大会：一组动图带你回顾“网事2019”
583,微信要对拼多多们下手了吗？
584,世界互联网大会正式开幕 雷军李彦宏等曝出这些秘密
585,58同城姚劲波：下沉市场为数字经济带来发展新机遇
586,长城宽带被“下架” 千万用户怎么办？
587,猎豹傅盛:下一代标准化设备或是机器人 要以AI为核心
588,梁建章：2100年中国人口可能排全球第三四位(视频)
589,陈生强： 金融科技下半场 构建“科技+开放”新格局
590,丁磊：对教育医疗等敢投入的公司 未来会有更好机会
591,倪光南院士：5G对生活、经济都会有重大变革
592,报告称互联网产业月均薪9296元 领先全行业平均水平
593,知乎周源：中国互联网已过青春期 缺乏约束与自省
594,雷军：小米对待5G乐观且激进 明年推10款5G手机
595,人民日报社社长李宝善：构建智慧社会要坚持开放合作
596,风云际会，共赴乌镇之约：大会嘉宾们都说了什么？
597,初创公司女CEO伪造10亿美元合同 美通信界现惊天骗局
598,腾讯任宇昕：未成年人保护是腾讯发展的生命线
599,陆奇：创新推动社会进步 技术是创新最持久的驱动力
600,"脉脉林凡：希望""职言""解决真问题 而不是成爆料平台"
601,沈向洋：微软每一个技术研发都会进行AI伦理道德评审
602,阿里巴巴张勇谈新商业文明：让更多小草长成参天大树
603,李彦宏乌镇大会首提智能经济 称AI可让人获“永生”
604,黄坤明宣读习近平主席贺信并发表主旨演讲
605,这引人联想的机械右手！玩转魔方，灵活不输人类
606,结构性存款大变局:支付宝微信京东App代销或终结?
607,贾跃亭“破产”：总有一笔债，是赖不掉的
608,关厂裁员？实地探访知名手机设计公司海派通讯
609,任正非说到做到！华为正与美企谈判授权转让5G技术
610,运营商要卖家电了！中国联通欲出售百万智慧终端
611,探秘电子烟工厂：如何用39天创造一个电子烟品牌？
612,美媒：华为希望打消美安全担忧 欲邀美官员审查软件
613,软银寻求通过新投资规避WeWork的债务
614,从引进者走向引领者——中国接入国际互联网25周年
615,乌鸦看到尾巴就要揪一下，真的是因为嘴欠吗？
616,医生不让我撸猫，那我去撸狮子吧......
617,微信语音包可购买：10元可买上千条 私人定制每条2元
618,为啥会挑食？原来肠道微生物才是真正的食客
619,苹果好莱坞之梦
620,二甲双胍防癌新证据！首次证实能降低卵巢癌症风险
621,“天外来客”到访地球 打开正确认识它的方式
622,戒烟、抗抑郁、防痴呆 日媒称手机App或能治病
623,微信出重拳 社交电商或遭“灭顶之灾”
624,大有作为！习近平擘画新时代网络强国建设宏伟蓝图
625,丁磊：加快普及设施技术互联“不上网的人”
626,GSMA首席执行官洪曜庄：确定5G频谱是当务之急
627,负债16亿！淘集集资金链断裂，CEO接受专访时这样说
628,电动汽车初创企业为何难以成功?原因可能要怪奥巴马
629,文著协关注音频侵权 喜马拉雅迎“商业模式大考”
630,神州车闪贷如此处理还款逾期：不告知把车直接开走
631,iPhone 11不被看好 中国销量却暴涨：只因价格便宜
632,任正非说要卖5G技术 这么快就和美企谈判上了
633,知乎周源：互联网为中华民族伟大复兴提供了战略机遇
634,P2P路在何方？湖南出手后 山东也将取缔不合规网贷
635,中国近10%青少年过度依赖互联网 网瘾防治拟入法
636,乌镇时间：大咖来了！最全图集在这里
637,蔚来汽车熬不过2020年？
638,王思聪股权遭冻结 真要回万达上班了？
639,国产特斯拉：独狼入华 谁是绵羊？
640,消逝的互联网公司
641,冯仑：创业是从一无所有开始 然后死不回头
642,董明珠：格力油烟机6年不用清洗 梦想是70亿人用格力
643,6.5亿中国人用过的App 墨迹天气3年上市路为何止步？
644,比尔盖茨头疼的3个公益难题
645,早教品牌爱乐乐享多家门店突然关闭 每月亏损上百万
646,长租战事终局：自如or not？
647,居然之家成功借壳 阿里、云锋等多家机构押宝
648,北斗无用？中国院士：北斗对国际平均贡献率超23%
649,苹果CEO库克担任清华大学经管学院顾问委员会主席
650,周鸿祎：互联网，文明时运给中国的大礼物
651,微信出手整治“砍一刀”“帮我加速”等违规链接
652,预计投资上万亿元 中国5G建设如何破解高成本？
653,长租公寓冰火两重天
654,华为郭平：VR今年将复兴 有望成下个智能手机产业
655,京东白条应收账款余额超411亿元，上半年增长近67亿元
656,富士通将推出新款空调：可在零下25度正常运行
657,蔚来：本是“一头猪”
658,蔚来ES8销量低迷库存严重 荒地现ES8库存车
659,马克·赫德离世 甲骨文前途未卜
660,“刊媒惠”科技论文成果推介沙龙：关注气候变化
661,降噪版AirPods本月底就发布？ 这比之前的预测都快
662,邬贺铨：强调开放合作彰显对互联网发展态度
663,甲骨文联合CEO马克·赫德离世 在惠普时遭性骚扰指控
664,睡四个小时记忆力还超棒的基因被找到了！
665,胡锡进:扎克伯格攻击中国互联网管理 背后是FB的困境
666,冲上热搜！杨利伟出山获新职，还有一个好消息......
667,月球南极竟有年轻冰矿？！
668,习近平总书记关于网络安全和信息化工作重要论述综述
669,WeWork上市失败意味着烧钱时代终结
670,OPPO系的“父慈子孝”局
671,WeWork折戟IPO 共享办公遇坎
672,微软推TTS系统 有声书成主要场景
673,乐视熄火 游侠停摆 蔚来折戟
674,BAT们围攻 四维图新“车行险道”
675,P2P平台出路何在？清退仍为行业主旋律
676,从BAT到ATM时代：美团是如何练成的
677,5G成大国科技竞争制高点 到2035年或生2200万个岗位
678,全球近八成运营商将部署SA模式5G网络
679,扎克伯格突然批中国 为何中美网民都在“呵呵”？
680,负债上百亿的贾跃亭若再次贩卖梦想 你还为他买单吗
681,戴森谈退出电动车竞争：被政府泄密 开始研发机器人
682,不断扩张的鲁大师能如愿以偿吗？
683,滴滴张博：AI能在未来20年大幅降低交通事故死亡人数
684,医疗保障新模式现身 水滴已获IDG等机构15亿元投资
685,一加将在印度建第二总部 四季度会有双模5G手机
686,全球近八成运营商将部署SA模式5G网络 4G仍将共存
687,Uber上市5月启动三轮裁员 被曝考虑终止自动驾驶项目
688,探访丽泽SOHO神秘31层：5G实验室细节曝光|5G Weekly
689,VIPKID成立六周年 米雯娟内部信：坚持做正确的事
690,邬贺铨：“全方位开放合作”包括互联网的开放合作
691,蔚来、威马、小鹏立下的年销目标 今年几乎已告败
692,小米集团创始人雷军获复旦企业管理杰出贡献奖
693,中国科学家成功解析非洲猪瘟病毒结构 助新疫苗开发
694,报告：中国5G产业领跑全球 已跻身第一阵营
695,贾跃亭个人破产，前20大债主为何没有乐视网？
696,普思资本股权被冻结 王思聪未来的路在何方？
697,趣店罗敏做错了什么？
698,Netflix进军华语市场：鲶鱼来了
699,“人造肉”走红 是资本噱头还是健康食品新趋势？
700,把25岁的细胞储存起来，未来用于长命百岁？
701,美国AI语音大牛转投小米！因政治正确遭名校JHU开除
702,国家网信办主任接受书面采访 谈网络空间命运共同体
703,一年烧出1.3亿用户，20亿资金缺口，淘集集融资梦碎
704,淘集集下调债务重组协议首批还款比例至15%
705,5亿变50亿投资神话破灭?王思聪旗下普思资本股权冻结
706,Apple、Google和Facebook为什么做动物实验？
707,飞科电器陷发展困境：剃须刀品类下滑 新品研发迟缓
708,快手“3亿DAU”目标调整，计划春晚狠砸40亿元
709,低成本探月接连失败 实施太空任务必须“不差钱”？
710,5G推动爱立信Q3营收超预期 为抢市场或影响利润率
711,青岛市抽查14批次电热毯产品 不合格2批次
712,干细胞研究再迎突破！有望回答生命早期发育之谜
713,月球是外星人的“渔网”？可能蕴藏外星生命重要线索
714,重新定义恐龙：是什么特征让一种恐龙区别于另一种？
715,"""走路赚钱""的趣步传销实锤 下沉市场收割骗术又多又骚"
716,独角兽猎人软银和它的美国“巨婴”
717,我是如何被淘集集拖垮的
718,人类医学史上的九大怪诞医术：食人医学和头颅环钻术
719,贾跃亭破产，我的钱彻底没戏了
720,众筹和拼购各自灿烂 购家电选谁更靠谱?
721,全球面板行业低谷期已至 厂商要如何度过这严冬？
722,“摔杯”的李国庆，并不容易的再创业
723,小天才电话手表才是小马哥的最大挑战？
724,G7明确表态：解决国际风险前反对脸书发行天秤币
725,3000县市，难以下沉的五环外市场
726,消逝的互联网公司
727,Uber：上市5个月，裁员上千人
728,Bose给太阳镜装上音箱 听歌能更愉快么？
729,贴牌生产家电频陷纠纷:质量参差不齐 售后服务也外包
730,美研究发现即使不看手机屏幕，蓝光辐射也会加速衰老
731,5G手机何时“大卖”？明年年底销量或现实质性增长
732,新能源汽车销量遇冷 动力电池产业链企业将何去何从
733,网贷整治明确：明年上半年基本完成网贷存量风险化解
734,中手游科技通过港股上市聆讯 快手B站等成基石投资者
735,中国计算机大会开幕：8000人参会，超算5G等论坛79场
736,智能马桶盖价格战趋势加剧 舒适性成重要卖点
737,二手家电究竟能不能买？价格是关键么？
738,二手家电是“废黄金”？探秘废旧家电的最终归宿
739,Airbnb一季度运营亏损3.06亿美元，同比增长逾一倍
740,知道Walkman过40岁生日 但你知道它的历史吗
741,携号转网重塑运营商市场份额？业内人士：基本没影响
742,这些家电每家都有 使用不当分分钟爆炸
743,人民日报海外版：网络亚文化不该传递负能量
744,人民日报海外版：无人驾驶“赛道” 中国后发快跑
745,多家快递企业称尚未收到“双11”费用涨价通知
746,中手游通过港股上市聆讯 快手、B站等成基石投资者
747,5G时代物流企业将如何突围
748,新能源车销量遇冷 动力电池产业链的企业将何去何从
749,实控人突击入股 阿里旗下税务板块申报IPO
750,中小手机厂商夹缝求存 寄望5G弯道超车
751,上海酝酿“三降”从严举措 P2P平台急寻转型新方案
752,网贷风险整治见效 各地监管态度分化
753,上汽阿里再会备战5G时代 首款量产智能座舱先行出击
754,构建网络空间命运共同体是必然选择
755,银联入局刷脸支付 用户黏性待考
756,量子波动速读 刷新智商税三观
757,特斯拉入围 工信部新增车辆生产企业名单
758,免费宽带“收费”了 中国移动回归理性竞争
759,软硬兼施 谷歌能破“中年危机”吗
760,三季报超预期 奈飞要打翻身仗
761,投资神话破灭？王思聪旗下普思资本股权遭冻结
762,外卖骑手：只要有订单就不怕熬夜
763,罗辑思维拟科创板上市，符合“逻辑”吗？
764,小学生破解丰巢“刷脸”功能 新技术应用安全第一
765,普洱打击电信诈骗封号 不应伤及无辜
766,版号珍贵 游戏下半场竞赛开启
767,长租公寓又现新一轮“爆雷” 中小公寓面临洗牌
768,松下空气水膜吹风机评测：奢宠护发 时髦的都爱
769,小学生破解丰巢“刷脸”功能，新技术应用安全第一
770,圆通探路中高端市场受挫 承诺达运营1年直营改加盟？
771,负债百亿的贾跃亭收入曝光：一个月收入能买一辆奔驰
772,不到银行也能存款 微信联手工行上线“银行储蓄”
773,蔚来洽谈超50亿融资？产业基金投新能源车尴尬承压
774,网贷整治时间表明确了 明年上半年完成存量风险化解
775,趣步涉嫌传销被查“躺赚”App真的可以躺赚吗?
776,全球最大暗网儿童色情网站被捣毁 暗网到底是啥？
777,自燃、“趴窝”、没补贴……新能源车原来那么惨！
778,阅文与迪士尼合作首部“星战”中文小说 盘中涨超8%
779,外卖员往食物里吐4次口水 顺丰:系供应商员工 已封号
780,融合公域私域社交资源 微博获金投赏创意节多项荣誉
781,联通推智慧生态战略 发力智慧家庭、视频及智能终端
782,谷歌之困：硬件支撑不足 软件趋于封闭
783,淘集集崩塌记：烧钱换来1.3亿用户 如今巨亏12亿
784,罗辑思维接受上市辅导筹备冲刺科创板 被指无“硬核科技”
785,东南亚移动支付现状：Grab欲与蚂蚁金服合并
786,知情人:沙特石油设施遭袭后 美国发动网络战报复伊朗
787,趣步涉传销被查 你以为其他“走路赚钱”App就靠谱吗
788,世界500强企业亮成果 中关村论坛展览国际范儿十足
789,杨利伟再获新职：载人航天工程副总设计师
790,只因写了一段爬虫，公司200多人被抓
791,庄荣文：推动全球互联网治理朝更加公正合理方向迈进
792,全球产业“空窗期” 数字科技的想象空间在哪里？
793,刷脸支付嗖嗖嗖，韭菜脸上绿油油
794,孙正义善胜，芒格善败
795,戴森推出Airblade 9kJ干手器:10秒内干手 可过滤细菌
796,暴力破解、闲鱼销赃，忘了他吧我偷共享充电宝养你
797,微软推出基于人工智能的“数字营销中心”项目
798,云计算发展白皮书:今年规模达1290亿 建云生态成共识
799,Interbrand全球品牌百强：华为再成唯一上榜中国品牌
800,IBM与红帽合力未显 技术服务和大机换代拖垮Q3营收
801,哈佛医学院的最新研究：大脑佛一点，活得久一点
802,福布斯中国发布2019年度30岁以下精英榜
803,北京市消协：途牛、驴妈妈、马蜂窝等涉嫌捆绑销售
804,法制日报：将社交电商创新发展纳入法治轨道
805,法制日报：大数据时代，如何规范在线旅游？
806,非法爬取数据泄露用户信息 平台不正当竞争亟待立法
807,细数12家跌落神坛的硅谷公司 有哪些共同的“硬伤”？
808,攀附在新世界边沿的“互联网低能者”
809,号贩子借助非法软件挂号、抢票 要强化法律惩戒手段
810,OK区块链60讲｜第7集：区块链的分叉是什么意思
811,2019中关村论坛“中关村国际前沿科技成果展”开幕
812,刷脸能干啥？乘地铁、畅游景区、食堂就餐、接送孩子
813,人和猿大脑发育差异在哪？
814,"华为三季度经营业绩公布：业务稳定推翻""遭重创""言论"
815,孙正义的“惭愧”和软银的“中年”
816,中国女孩韩国整形失败 互联网医美平台要负多少责任
817,硅谷看上中国N线“码工”：只拿1/3薪水 肯加班无怨言
818,华人码农的三条路：斗争才是正确的道路
819,移动互联网“遗珠”：起了大早，为何赶个晚集
820,《英雄联盟》十周年与拳头的新游戏们
821,男性也会得乳腺癌，而且死亡率比女性还高
822,吴晓波前仆，罗振宇后继
823,今日《自然》揭示长寿关键，延缓衰老在于“休息”？
824,中国科学家揭示麻雀挑食高粱的分子机制
825,共享单车频涨价：月卡、公交和“11路”你选哪个？
826,地球只有一颗天然卫星 木星的卫星为什么那么多？
827,苹果A13芯片分析：CPU峰值功耗更高 GPU表现超预期
828,为什么我们被WeWork迷住了眼
829,“红肉致癌论”被推翻！专家称不必刻意减少红肉摄入
830,苹果公布iOS 13和iPadOS安装量：50％的设备已更新
831,如何选购智能马桶盖？看完这篇干货你就明白了
832,携手迪士尼，对阅文集团是一剂良药么？
833,水究竟从哪里来？或要一直追溯到宇宙起源时期
834,罗辑思维欲上市，谁能与罗振宇共享资本盛宴？
835,苹果布局QD-OLED专利 将影响显示技术竞争格局？
836,贾跃亭申请个人破产开启新博弈，债权人如何保护权益
837,Apple Pay或存在反竞争行为 欧盟反垄断机构将调查
838,和熊猫眼说拜拜？薇新温热彩光按摩美眼仪体验
839,前苹果高管推首款智能门锁：不改变整门外观快速安装
840,“罗胖”备战科创板背后 风口过后知识付费残局
841,抛弃“特殊情况”的固定宽带 越来越多人更期待5G
842,352发布四款新品：空净性能、滤芯大升级
843,扫地机器人的下半年：下一个拐点到来之前的思考
844,入手大屏电视 究竟选“液晶”还是“激光”？
845,贾跃亭申请破产前收入曝光：每月高达9万美元
846,Beats推出全新头戴耳机Solo Pro：提供主动降噪
847,如何规范在线旅游市场？大数据杀熟、删评论等是痛点
848,非法爬取数据泄露用户信息 平台不正当竞争亟待规制
849,风口中的下沉市场：靠小镇青年支撑，也有成长的烦恼
850,IBM第三季度营收180亿美元 净利同比下降38%
851,Netflix第三季度营收52.45亿美元 净利同比增65%
852,房多多的“焦虑”：频变赛道、雇员持续减少
853,两年半净亏损超10亿 青客公寓能否靠上市“续命”？
854,人民日报海外版：“互联网+留学”简化办证流程
855,孙正义的成败画像:被Uber和WeWork套牢 非第一次摔跤
856,淘集集自救:数千家供应商被拖欠货款 变身股东合伙人
857,国内不宜盲目引进落后液晶产能
858,飞猪推新店运营体系 总裁赵颖：赋能商家数字化转型
859,“合伙人制度”救得了淘集集吗
860,量子波动速读何以得逞？背后是挥之不去的教育焦虑
861,北青报：电商平台“二选一”问题该有权威认定了
862,在线旅游消费捆绑搭售猫腻多
863,学生在校玩手机 没收后被销毁
864,冲击“知识付费第一股” 罗辑思维备战科创板
865,罗振宇接力吴晓波 知识付费闯关资本市场
866,摸查启动 快递包装“瘦身变绿”不容易
867,罗辑思维IPO的关键在于独立性
868,估值一降再降 WeWork命悬一线
869,房多多拟赴美IPO 互联网房产中介能否翻盘
870,专家称我国5G商用未来仍需突破不少难点
871,过度索取住客信息，华住酒店涉嫌侵犯隐私
872,特斯拉国产一半海水一半火焰：刺激市场加速洗牌
873,贾跃亭到底欠了多少债？对FF影响几何？
874,趣步“走步赚钱”涉传销被查 “无本万利”是挖坑
875,职场信用信息 怎能想卖就卖？
876,量子波动速读骗局中，孩子为何甘当骗子的配角？
877,贾跃亭申请破产FF困境突围：到底是不是一个好标的？
878,共享办公行业陷焦虑：押宝未来模式与盈利是关键
879,孚能科技冲刺科创板 动力电池市场面临再洗牌
880,广交会观察：家电企业连推新品加速市场布局
881,回购1元/股变总额1元 业绩补偿方为中文在线省4400万
882,华为前三季销售收入6108亿 HMS生态开发者超107万
883,盼达用车陷困局：押金难退 广州突然无车可用
884,不得不承认 它就是史上最佳电影网站
885,天准科技欲做工业人工智能“头雁”
886,罗辑思维科创板上市辅导将完成 或成知识付费第一股
887,湖南取缔58车贷、星火钱包等24家网贷机构P2P业务
888,世界互联网大会发布文件：构建网络空间命运共同体
889,世界互联网大会举行在即，组委会首次发布概念文件
890,过度索取住客信息 华住酒店涉嫌侵犯隐私
891,从吴晓波到罗振宇， 知识付费IP有哪些“脆弱点”？
892,双十一 京东、拼多多众神下沉
893,Keep副总裁:运动消费品超总营收一半 暂不设消费门店
894,2019年最沙雕的智商税！多少中国父母被忽悠瘸了？
895,《携手构建网络空间命运共同体》概念文件发布
896,科技趋势有迹可循 从黑莓看未来智能手机
897,有人靠表情包赚了20个亿！怎么做到的？
898,爱奇艺CEO龚宇：5G时代视频轻应用化已成趋势
899,电商“二选一”简史
900,罗振宇的镰刀，终于伸向了股市
901,《大西洋月刊》：贝索斯足以载入美国商业奠基人史册
902,华为海思开售4G基带芯片 动了谁的奶酪？
903,悦刻专利申请超170件 CEO汪莹：研发投入不设上限
904,网易有道路演PPT曝光：募资将超2亿美元 拟下周上市
905,重磅揭晓：2019年度人类社会发展的十大科学问题是啥
906,离开谷歌 安卓之父跌落神坛
907,蔚来陷50亿投资罗生门：吴兴区明确否认签署框架协议
908,美团市值超百度 三大巨头BAT变ATM
909,首届世界科技与发展论坛：科技创新推动可持续发展
910,猫扑给虎扑留下了哪些历史教训
911,定了！谷歌无人车驶入巴黎，将充当机场大巴
912,中国测绘学会2019学术年会在南京举办
913,销量滑坡、市场遇冷、过渡机鏖战 5G换机潮还有多远?
914,AI牙刷、粉底、马桶盖：只有你想不到，没有AI做不到
915,两年网罗13位扫地僧，阿里达摩院最新架构完整曝光
916,福布斯给马云颁了个大奖！马云：下个月他要去趟非洲
917,酷！机器人单手还原魔方：怎么干扰都不影响(视频)
918,李安最差的电影《双子杀手》，却在科技上成就了他
919,法制日报：个人信用信息展示应该遵循什么规则？
920,法制日报：通信基站选址难，症结何在？
921,法制日报：整治网络号贩子要升级监管手段
922,量子读书宣称10分钟阅读10万字 学者：没有科学依据
923,确认！罗振宇冲击科创板上市，选择和吴晓波不同路线
924,甲骨文危机之下 亚马逊消费者业务不再使用其数据库
925,从贴吧到豆瓣，互联网群众运动的死与生
926,不扫码入住酒店难 谁来守护消费者个人信息安全？
927,为什么马斯克要在上海投资500亿元建超级工厂？
928,淘集集自救：面临挤兑风波 供应商变身股东合伙人
929,十几块一个的微博小号里，有千万个成人世界的秘密
930,一个数学系毕业物理学家，是怎么拿到诺贝尔化学奖的
931,诺奖得主的中国生意：出场一次100万 午宴晚宴均可售
932,美团建了所大学，10年输出一亿手艺人
933,屠呦呦获共和国勋章后首次发声 扛起了医学科普大旗
934,网易有道更新招股书：丁磊计划再买2千万美元ADS
935,出汗等于燃脂？脂肪能转化成肌肉？
936,最新诺奖成果怎么用？ 基于它首款药去年就落地中国
937,价值1w4的量子波动速读班到底是怎么回事？
938,350万年前银河系中心曾经发生了一场大规模能量爆发
939,混沌、得到、湖畔、高山 这些“大学”到底在教什么?
940,语C、耽美、盲盒、Lolita……这些95后文化你懂吗？
941,开源简史：从社区到商业化
942,人类史上十个最重要实验:测量地球周长 牛顿发展光学
943,贾跃亭20大债权人详解：英大资本索赔2.79亿美元居首
944,索尼即将推出360 Reality Audio 提供沉浸式音乐体验
945,背靠阿里腾讯 墨迹天气为何难上市？
946,人类头骨遵循“黄金比例1.618”？解剖学家称荒谬
947,三星手机重返中国失利：关闭本地工厂 市场份额仍1%
948,Google硬件全家桶大更新！槽点简直和亮点一样多
949,"谷歌发布一揽子硬件：策略日渐清晰 强调""环境计算"""
950,VRChat火了，但VR社交还没迎来最好的时代
951,这些地方有网友微信/QQ/支付宝被封！公安部发文
952,2019Q2基带市场份额：高通三星争夺5G基带市场领导权
953,每周拖三次地太累？iRobot发布擦地机器人来帮忙
954,中关村管委会主任：把中关村论坛打造成国际化平台
955,携号转网前夜 5G难成运营商救命稻草
956,健康饮水去除“杂质” 家用净水设备到底有没有用？
957,《财富》2019年最受赞赏中国公司：华为居首格力第三
958,新能源车“骗补”揭底：补贴到谁兜里 又是谁在裸泳
959,东莞老板细述电子烟产业：销量锐减 将转战医疗器具
960,罗辑思维正筹备科创板上市，有望成知识付费第一股
961,走路就能赚钱，趣步的庞氏骗局倒塌
962,谷歌发布Pixel 4手机，依然不具“流行”潜质
963,《英雄联盟》手游来了，但还能有人玩么？
964,智能马桶盖好用 新手家装买国货还是进口产品好？
965,WeWork在私募市场遇冷：估值仅为70亿美元
966,终于等到PS5支持8K！但你还是不要想太多
967,整治网贷乱局：司法严打与强监管之下变软的催债人
968,EraClean超声波清洗机体验：快速让贴身物品焕然一新
969,我国终端费将上涨27% 海淘涨价板上钉钉
970,京东双11裂变：京喜上线主攻下沉市场 开启百亿补贴
971,苹果降价策略奏效追加订单 电子产业链业绩“逆袭”
972,5G部署速度远超以往 高通多领域布局挖潜
973,华为5G海外破局：欧洲市场不含5G元器件5G产品已发货
974,人民时评：数字时代如何保护个人信息
975,人民日报海外版评刷脸支付：支付新亮点 好使但谨慎
976,人民日报海外版：外卖经济越红火越要筑牢“防火墙”
977,人民日报海外版：给在线旅游乱象“开药方”
978,房多多传闻上市5年终递招股书 传统佣金仍是营收支柱
979,网易有道上市背后：营销成本过高阻碍在线教育业盈利
980,5G网络共建共享难点多 运营商期待电价、税收优惠
981,公共自行车回暖有共享单车的功劳
982,扫码住酒店“被入会”让人细思极恐
983,网易有道更新招股书：发行价区间每股15美元至18美元
984,谋求重组承诺还款 淘集集忙自救
985,车型升级 理想ONE推迟交付一个月
986,圆通承诺达“散伙”风波未平 又宣布调价
987,京东打响“双11”发令枪 抢跑下沉市场
988,银行解锁区块链应用 欲破行业寒冬
989,Libra成立董事会 发币渐行渐近？
990,助贷连接机构靠拢持牌化 互金转型待考
991,电竞商业价值凸显 体育品牌变身头号玩家
992,更智能更懂你 iRobot m6拖地机器人新品发布
993,滴滴与清华成立联合研究中心 推进智能出行技术落地
994,先破产再回国 贾跃亭这条路行不通！
995,戴森放弃电动汽车项目：已经造好但利润太低
996,电视奇葩事：标榜原装进口屏幕却不提画质芯片
997,饮水安全不能马虎 详解四种类型家用净水器
998,贾跃亭申请个人破产重组 并不只是为了解脱
999,社交电商黑马陷拖欠货款漩涡 淘集集上线1年面临重组
1000,"平台""二选一""是正常市场行为？专家：法律法规要跟进"
1001,戴森电动车项目“流产” 这块蛋糕不太好吃
1002,鼓吹“加水就能跑”的青年汽车拿到新能源补贴1.18亿
